{
    "epoch": [
        0,
        1,
        2,
        3,
        4,
        5,
        6,
        7,
        8,
        9,
        10,
        11,
        12,
        13,
        14,
        15,
        16,
        17,
        18,
        19,
        20,
        21,
        22,
        23,
        24
    ],
    "train_loss": [
        0.6913923929824615,
        0.5716877712019538,
        0.4654522823627626,
        0.3850815754204411,
        0.3282481312956789,
        0.29363240682991165,
        0.26837542819428845,
        0.25854344760825515,
        0.2437032702762757,
        0.2334445420258898,
        0.22492802329943878,
        0.21907153228219783,
        0.21142305793698465,
        0.21083347021769255,
        0.2000941385079951,
        0.19829219668111145,
        0.19848912690717813,
        0.1968254838930938,
        0.19122632566357195,
        0.19381673144802145,
        0.18835013456353736,
        0.18179099689621603,
        0.1807618444066744,
        0.1825792324508519,
        0.17972256330245542
    ],
    "train_acc": [
        51.80581613508443,
        69.74932249322494,
        77.32827809047322,
        82.19850948509485,
        85.24794142172192,
        87.04594017094017,
        88.45111528038358,
        88.9188555347092,
        89.748149885345,
        90.33836251824056,
        90.57679278715864,
        90.74226078799249,
        91.3982697519283,
        91.37090890139672,
        91.92008025849489,
        91.82106003752345,
        91.9435324160934,
        91.90770273087345,
        92.12593808630395,
        92.10444027517198,
        92.30313216593704,
        92.66338336460288,
        92.70116739628934,
        92.62234208880551,
        92.76370648321867
    ],
    "test_loss": [
        0.6442427540606155,
        0.39502929725334684,
        0.2721824447251387,
        0.20827788811749415,
        0.17760435681349085,
        0.17240384410625742,
        0.1559423800764291,
        0.1771231525453272,
        0.14583120509156353,
        0.14362017936084973,
        0.1468823983636626,
        0.1319979774983839,
        0.1292695067447589,
        0.13076536699904304,
        0.12108924717968447,
        0.11767548534512445,
        0.12170374697022684,
        0.10718923019977188,
        0.10913766427927414,
        0.11677076007645361,
        0.11588716641143527,
        0.11272047695959507,
        0.11781204715887231,
        0.106483165592293,
        0.10753358762608067
    ],
    "test_acc": [
        65.34162468513854,
        83.24149874055415,
        89.3734256926952,
        91.81360201511335,
        92.93136020151134,
        93.56108312342569,
        94.08847607052897,
        93.15963476070529,
        94.50566750629723,
        94.91498740554157,
        94.52141057934509,
        95.06454659949623,
        95.2219773299748,
        94.89924433249371,
        95.70214105793451,
        95.96190176322418,
        95.11964735516372,
        96.10358942065491,
        95.82021410579345,
        95.72575566750629,
        95.61555415617129,
        96.01700251889169,
        95.89105793450882,
        96.04061712846348,
        96.316120906801
    ],
    "classes": [
        "female",
        "male"
    ]
}