{
    "epoch": [
        0,
        1,
        2,
        3,
        4,
        5,
        6,
        7,
        8,
        9,
        10,
        11,
        12,
        13,
        14,
        15,
        16,
        17,
        18,
        19,
        20,
        21,
        22,
        23,
        24,
        25,
        26,
        27,
        28,
        29,
        30,
        31,
        32,
        33,
        34,
        35,
        36,
        37,
        38,
        39,
        40,
        41,
        42,
        43,
        44,
        45,
        46,
        47,
        48,
        49,
        50,
        51,
        52,
        53,
        54,
        55,
        56,
        57,
        58,
        59,
        60,
        61,
        62,
        63,
        64,
        65,
        66,
        67,
        68,
        69,
        70,
        71,
        72,
        73,
        74,
        75,
        76,
        77,
        78,
        79,
        80,
        81,
        82,
        83,
        84,
        85,
        86,
        87,
        88,
        89,
        90,
        91,
        92,
        93,
        94,
        95,
        96,
        97,
        98,
        99,
        100,
        101,
        102,
        103,
        104,
        105,
        106,
        107,
        108,
        109,
        110,
        111,
        112,
        113,
        114,
        115,
        116,
        117,
        118,
        119,
        120,
        121,
        122,
        123,
        124,
        125,
        126,
        127,
        128,
        129,
        130,
        131,
        132,
        133,
        134,
        135,
        136,
        137,
        138,
        139,
        140,
        141,
        142,
        143,
        144,
        145,
        146,
        147,
        148,
        149
    ],
    "train_loss": [
        0.6932403855654804,
        0.6733459285865209,
        0.5333349685265617,
        0.41666649272659556,
        0.3314599653168944,
        0.2922432898841402,
        0.27208970203818644,
        0.2538906374295068,
        0.2441530622369502,
        0.2372229221469727,
        0.23327656624474102,
        0.22323332136127635,
        0.21914962053373502,
        0.21247107381603358,
        0.20837240161175016,
        0.20647655870110784,
        0.2049350114242221,
        0.19821514323554126,
        0.19706050730575392,
        0.19344904221678205,
        0.19018163676696914,
        0.18934909070843714,
        0.18846045698437042,
        0.18999499784639248,
        0.18348676779116968,
        0.18352317852693248,
        0.18083910593032612,
        0.18223605718139824,
        0.1782953629387849,
        0.1765469661771114,
        0.1783229523024442,
        0.17821626304843935,
        0.17528283110632795,
        0.17297500186600373,
        0.17443273515860463,
        0.17056194868281233,
        0.16846448751055798,
        0.17175516521114345,
        0.1721914396927068,
        0.16728399877376468,
        0.16936922297487414,
        0.16750190059553652,
        0.16938724439751923,
        0.1656693911495583,
        0.16619093023302306,
        0.1635898375683339,
        0.16201512227935705,
        0.16392834840331919,
        0.16499648573723918,
        0.16444786642739237,
        0.16275226901995346,
        0.1618018023392478,
        0.16099746968058998,
        0.16224548970439412,
        0.16109352234606542,
        0.1609879716435183,
        0.15995135773998395,
        0.16074413903642346,
        0.15734549587810315,
        0.15696180336529142,
        0.15809916562078669,
        0.1558163702602104,
        0.1570271548795851,
        0.15533557420292446,
        0.15641914072240923,
        0.15556129769773325,
        0.15409014363592027,
        0.15419266090668352,
        0.15404914547074783,
        0.1530516638791537,
        0.15422078763473177,
        0.15666552064759776,
        0.15576676062813227,
        0.155493878923692,
        0.15419948954610452,
        0.15626482889894922,
        0.15409903809150974,
        0.15282615025721727,
        0.1535914198240921,
        0.15363602709314036,
        0.1542915240110127,
        0.15140327659282388,
        0.14998902708205805,
        0.15250516945543963,
        0.15147528104749675,
        0.15339084977623055,
        0.15110208888802026,
        0.15135194503034163,
        0.1542901700086486,
        0.1487523819989128,
        0.15052025188389628,
        0.15124610314883055,
        0.14857911037571211,
        0.14841494001704428,
        0.14584592739504537,
        0.1502148382793215,
        0.14625377929638408,
        0.14547988390748048,
        0.14940336676637145,
        0.1497100905140744,
        0.14774599722909826,
        0.1508724123642566,
        0.14896354164981782,
        0.14802661978274473,
        0.14907789371413802,
        0.14625137800023455,
        0.14961158882668144,
        0.1469687901197317,
        0.14541657025599067,
        0.14612020490390526,
        0.14915766888935866,
        0.1454789932529495,
        0.14902211297763565,
        0.14899547902017998,
        0.14109133537177268,
        0.14262577225037706,
        0.14600318736030374,
        0.1475679911399322,
        0.15023416005892726,
        0.14764566586240474,
        0.1430517088390626,
        0.1421412438907899,
        0.1469066487106869,
        0.14937632394578307,
        0.14419330685650505,
        0.14546580676320214,
        0.14709516442739046,
        0.14475062223101237,
        0.14089383629312024,
        0.14602957190590457,
        0.1428848319766161,
        0.14808285378241182,
        0.14392730230180134,
        0.14426699113112415,
        0.14248637726246202,
        0.14114126422776815,
        0.14342013906496456,
        0.14476360124870763,
        0.14615835853254747,
        0.14377307427465785,
        0.14032483533178552,
        0.14196842612280483,
        0.14098110809290854,
        0.14248745853787265,
        0.14438177097654012,
        0.14421011666138847,
        0.14714428465324147,
        0.14348367194769165,
        0.14159200932691368,
        0.14386185778629937
    ],